{
  "generated_at": "2026-05-06T17:34:14.401434+00:00",
  "accuracy_convergence": {
    "checkpoints": [
      0,
      10,
      20,
      30,
      40,
      50,
      60,
      70,
      80,
      90,
      100,
      110,
      120,
      130,
      140,
      150,
      160,
      170,
      180,
      190,
      200
    ],
    "rule_acc": [
      1.0,
      1.0,
      1.0,
      1.0,
      1.0,
      1.0,
      1.0,
      1.0,
      1.0,
      1.0,
      1.0,
      1.0,
      1.0,
      1.0,
      1.0,
      1.0,
      1.0,
      1.0,
      1.0,
      1.0,
      1.0
    ],
    "bayes_acc": [
      1.0,
      1.0,
      1.0,
      1.0,
      1.0,
      1.0,
      1.0,
      1.0,
      1.0,
      1.0,
      1.0,
      1.0,
      1.0,
      1.0,
      1.0,
      1.0,
      1.0,
      1.0,
      1.0,
      1.0,
      1.0
    ]
  },
  "latency_ms": {
    "rule": {
      "p50": 0.38331400719471276,
      "p95": 0.3960049943998456,
      "p99": 0.4613639903254807
    },
    "bayes": {
      "p50": 0.3782119893003255,
      "p95": 0.43061200994998217,
      "p99": 0.4906649992335588
    },
    "transformer": {
      "p50": 0.09944100747816265,
      "p95": 0.10691999341361225,
      "p99": 0.1726810005493462
    }
  },
  "transformer": {
    "total_params": 3797,
    "param_table": {
      "W_signal": 512,
      "W_time": 128,
      "W_ctx": 224,
      "W_key": 1152,
      "W_val": 720,
      "W_out": 1040,
      "b_out": 20,
      "log_T": 1
    },
    "train_us_per_step": 450.12173597933725,
    "inf_us_per_step": 101.07054701074958,
    "train_throughput_eps": 2221.621219478068,
    "inf_throughput_eps": 9894.079230556086
  },
  "soft_label": {
    "soft_losses": [
      3.0327820777893066,
      2.8793394565582275,
      2.733222484588623,
      2.8240532875061035,
      2.441516876220703,
      2.2949140071868896,
      2.6262969970703125,
      1.999555230140686,
      1.8512935638427734,
      2.4427804946899414,
      1.5564159154891968,
      1.4113494157791138,
      2.2910592555999756,
      1.1327168941497803,
      1.0009548664093018,
      2.1997103691101074,
      0.7630921602249146,
      0.6575306057929993,
      2.1962289810180664,
      0.4833242893218994,
      0.4121053218841553,
      2.278259515762329,
      0.3027195930480957,
      0.26060721278190613,
      2.4072186946868896,
      0.19532237946987152,
      0.16979888081550598,
      2.557743787765503,
      0.12965066730976105,
      0.11411900818347931,
      2.7111377716064453,
      0.0901348739862442,
      0.08096489310264587,
      2.8487191200256348,
      0.0669177770614624,
      0.061559487134218216,
      2.959575653076172,
      0.05341063439846039,
      0.050318337976932526,
      3.040196180343628,
      0.04571421816945076,
      0.04401010647416115,
      3.091785192489624,
      0.04163073003292084,
      0.040823694318532944,
      3.1180179119110107,
      0.03992859646677971,
      0.039739351719617844,
      3.1235764026641846,
      0.039901115000247955,
      0.04016415774822235,
      3.1133010387420654,
      0.04111989587545395,
      0.04172804206609726,
      3.091740369796753,
      0.04329606145620346,
      0.044168323278427124,
      3.062934160232544,
      0.04620106518268585,
      0.047266505658626556,
      3.0303256511688232,
      0.04962357506155968,
      0.05081100016832352,
      2.996732473373413,
      0.05334870517253876,
      0.054584939032793045,
      2.9643571376800537,
      0.057155411690473557,
      0.058366671204566956,
      2.934816837310791,
      0.060825519263744354,
      0.06194363534450531,
      2.9091897010803223,
      0.06416278332471848,
      0.06513091921806335,
      2.8880691528320312,
      0.06701184064149857,
      0.06779049336910248,
      2.871640205383301,
      0.06927351653575897,
      0.06984451413154602,
      2.8597559928894043,
      0.07091140002012253,
      0.07127578556537628,
      2.852020740509033,
      0.07194695621728897,
      0.0721239373087883,
      2.8478684425354004,
      0.07244891673326492,
      0.07246929407119751,
      2.846637010574341,
      0.07251562923192978,
      0.07241540402173996,
      2.847633123397827,
      0.07225751876831055,
      0.07207436114549637,
      2.850186824798584,
      0.07178427278995514,
      0.07155214995145798,
      2.8536906242370605
    ],
    "hard_losses": [
      3.0012564659118652,
      2.833855152130127,
      2.6690759658813477,
      2.5054287910461426,
      2.342839241027832,
      2.1813831329345703,
      2.0212466716766357,
      1.8627599477767944,
      1.7064069509506226,
      1.552811622619629,
      1.4027199745178223,
      1.2569891214370728,
      1.1165745258331299,
      0.9825044870376587,
      0.8558367490768433,
      0.737591564655304,
      0.6286735534667969,
      0.5297893285751343,
      0.441379576921463,
      0.3635747730731964,
      0.29618510603904724,
      0.2387268841266632,
      0.19047439098358154,
      0.1505325883626938,
      0.11809904128313065,
      0.09228875488042831,
      0.07206430286169052,
      0.05638796091079712,
      0.04431933909654617,
      0.03505794331431389,
      0.027952782809734344,
      0.02248913049697876,
      0.01827123388648033,
      0.014997144229710102,
      0.012439047917723656,
      0.01042596623301506,
      0.008830199018120766,
      0.0075544435530900955,
      0.006527042482048273,
      0.005693039856851101,
      0.0050107999704778194,
      0.004448159132152796,
      0.003981040325015783,
      0.0035905849654227495,
      0.003261933336034417,
      0.0029834266752004623,
      0.002746117301285267,
      0.0025425064377486706,
      0.0023670773953199387,
      0.002215214539319277,
      0.0020827867556363344,
      0.001966919284313917,
      0.0018650986021384597,
      0.0017752302810549736,
      0.0016958779888227582,
      0.001624950091354549,
      0.0015616086311638355,
      0.001505195745266974,
      0.001454158453270793,
      0.0014080777764320374,
      0.0013665352016687393,
      0.0013287547044456005,
      0.0012943773763254285,
      0.0012629255652427673,
      0.001233861898072064,
      0.0012076037237420678,
      0.0011830768780782819,
      0.001160639338195324,
      0.0011396938934922218,
      0.0011200618464499712,
      0.0011019814992323518,
      0.0010850353864952922,
      0.00106898439116776,
      0.0010541867231950164,
      0.0010400456376373768,
      0.0010267997859045863,
      0.0010140909580513835,
      0.0010021580383181572,
      0.0009907622588798404,
      0.0009797841776162386,
      0.0009691641898825765,
      0.0009596779127605259,
      0.0009498933795839548,
      0.0009404669399373233,
      0.0009316371870227158,
      0.0009232251904904842,
      0.0009146342054009438,
      0.0009068785584531724,
      0.0008988843183033168,
      0.0008913077763281763,
      0.0008840294904075563,
      0.0008766319951973855,
      0.0008695925935171545,
      0.0008626127382740378,
      0.0008560505812056363,
      0.0008492498309351504,
      0.0008426877320744097,
      0.0008362450753338635,
      0.0008299217442981899,
      0.0008238966693170369
    ],
    "soft_final": 2.8536906242370605,
    "hard_final": 0.0008238966693170369,
    "soft_min": 0.039739351719617844,
    "hard_min": 0.0008238966693170369
  },
  "calibration": {
    "calibration": {
      "0-40%": {
        "acc": 0.0,
        "n": 0
      },
      "40-60%": {
        "acc": 1.0,
        "n": 33
      },
      "60-80%": {
        "acc": 1.0,
        "n": 36
      },
      "80-100%": {
        "acc": 1.0,
        "n": 431
      }
    }
  }
}